title,description,link,bloggername,bloggerlink,postdate
2024 <b>한국시리즈</b> 예매 티켓팅 일정 중계 삼성 기아 야구,2024 <b>한국시리즈</b> 예매 티켓팅 일정 중계 삼성 기아 야구 삼성 라이온즈가 9년 만에 프로야구 <b>한국시리즈</b>에 진출했다는 소식 들으셨나요? 삼성은 서울 잠실구장에서 벌어진 2024 kbo 포스트시즌 플레이오프... ,blog.naver.com/lune_etoile,https://blog.naver.com/lune_etoile/223625540035,20241019,일상
기아 삼성 <b>한국시리즈</b> 중계 2024년10월21일 삼성 라이온즈 KIA... ,삼성은 이번 정규시즌 2위를 기록하면서 플레이오프에서 LG를 상대로 3승1패의 시리즈 전적으로 2015년 이후 9년만에 <b>한국시리즈</b>에 진출을 했습니다. 삼성은 2014년 이후 10년만에 한국야구 챔피언에 도전을... ,blog.naver.com/mazic123,https://blog.naver.com/mazic123/223627096210,20241021,추억만들기
2024년10월21일 삼성 라이온즈 KIA 타이거즈 <b>한국시리즈</b> 중계... ,시간 한국 야구의 왕좌를 다투는 <b>한국시리즈</b>가 드디어 시작이 됩니다. 플레이오프에서 두번... 많은 팬들이 기다렸던 클래식 시리즈가 드디어 성사가 되어 많은 관심이 집중이 되고 있습니다. 올해... ,blog.naver.com/jh061158,https://blog.naver.com/jh061158/223627162441,20241021,콩콩 식구들
기아타이거즈 2024 <b>한국시리즈</b> 예매 도전! 개같이 멸망함... ,"이번 힌국시리즈 기간동안 광주시에서도 전폭적인 지지를 한다고 합니다. 자세한 내용은 기아타이거즈앱이나 인스타그램에서 확인하세요. <b>한국시리즈</b> 기간동안 셔틀버스, 도로주차허용 등 많은 지원 예정... ",blog.naver.com/83jaehun,https://blog.naver.com/83jaehun/223627484831,20241021,#나에요로그
<b>한국시리즈</b>에 엔트리에 대한 잡다한 생각,오늘 미디어데이와 함께 <b>한국시리즈</b> 엔트리도 발표되었습니다. 삼성은 기존의 플레이오프 엔트리에서... 그리고 혹시나 <b>한국시리즈</b>에서 불펜정도는 가능하지 않을까 싶었던 시볼드는 결국 이번에도 빠졌습니다.... ,blog.naver.com/nwowolf,https://blog.naver.com/nwowolf/223626327454,20241020,New World Order 4 Life
<b>한국시리즈</b> 중계 시청 방법 날짜 일정 KBO 포스트시즌 삼성... ,<b>한국시리즈</b> 중계 시청 방법 날짜 일정 KBO 포스트시즌 삼성 기아 우승팀 이제 마지막 가을야구 끝나가고 있습니다. 그래서 오늘 글은 바로 <b>한국시리즈</b> 중계 시청 방법 날짜 일정 KBO 포스트시즌에 대해서... ,blog.naver.com/tlsdmsdud21,https://blog.naver.com/tlsdmsdud21/223627307835,20241021,긍정적으로...
선발 라인업 KBO 포스트시즌 <b>한국시리즈</b> 티켓 예매 방법 가격,포스트시즌 <b>한국시리즈</b> 티켓 예매 방법 가격 어제 했어야 할 기아 타이거즈의 마지막 연습경기는... 자체 청백전과 기아의 연습경기 내용 및 <b>한국시리즈</b> 예매에 대해 알아보겠습니다. 기아 연습경기 자체... ,blog.naver.com/olengelight,https://blog.naver.com/olengelight/223625263501,20241019,:: 밀감색 조명 ♥ 희나 ::
2024 <b>한국시리즈</b> 예매 및 일정 중계 총정리,2024 <b>한국시리즈</b> 예매 및 일정 중계 총정리  https://m.site.naver.com/1vGiq 삼성 라이온즈가 9년 만에 KBO리그 <b>한국시리즈</b>에 진출했다고 하는데 다들 소식 들으셨나요? 2024 KBO 포스트시즌 플레이오프 4차전 경ㄱl가... ,blog.naver.com/cleande,https://blog.naver.com/cleande/223627500832,20241021,✅모든 정보✅
<b>한국시리즈</b>에 진출한 최강삼성라이온즈의 팬 블로그입니다,삼성은 2승 0패였고 한 번만 더 이기면 <b>한국시리즈</b> 진출이 확정되는 그런 경기였다. 입장 시 응원타올을... 4차전 이기면 됨!의 마인드로 인사까지 찍었다 사실 어떤 마음이었냐면 내가 <b>한국시리즈</b>가 간절하겠니... ,blog.naver.com/kmyej0602,https://blog.naver.com/kmyej0602/223626838615,20241021,U make me
2024 프로야구 <b>한국시리즈</b> 예매일정정보 확정공유,라이온즈가 <b>한국시리즈</b>에 진출하게 되었습니다 우리 선수들 너무 수고하셨구요 저는 어쨌거나 남은 일정공유갑니다 2024 프로야구 <b>한국시리즈</b> 일정 네 이제는 정규리그 1위와 2위의 싸움 기아 타이거즈와... ,blog.naver.com/miwako1212,https://blog.naver.com/miwako1212/223625580461,20241019,트래블랑 여행맛집 랑슐랭 ★
삼성 기아 야구 중계 <b>한국시리즈</b> 1차전 10월 21일  KBO 야구... ,<b>한국시리즈</b>는 7전 4선승제로 진행되며 KIA는 1차전을 홈에서 치르게 되어 유리한 조건을 갖추고 있습니다. 삼성 역시 강력한 전력을 갖추고 있어 치열한 승부가 예상됩니다. 이번 시리즈는 두 팀의... ,blog.naver.com/ichbong,https://blog.naver.com/ichbong/223627100236,20241021,아름다운 날들을 위하여
31년만의 삼성라이온즈와 KIA타이거즈의 <b>한국시리즈</b> 성사,"LG를 시리즈 전적 3승 1패로 누르고 <b>한국시리즈</b>에 오르게 되었습니다. 삼성은 지난 2015년 <b>한국시리즈</b>(KS) 이후 9년 만에, KIA는 2017년 <b>한국시리즈</b> 우승 이후 7년만에 <b>한국시리즈</b>(KS)에 올랐는데 양팀이... ",blog.naver.com/synabro68,https://blog.naver.com/synabro68/223625689348,20241020,"또 다른 세상, 또 다른 나"
<b>한국시리즈</b> 중계 2024년10월21일 삼성 라이온즈 KIA 타이거즈... ,4차전에서 시리즈를 끝내면서 큰 변화 없이 <b>한국시리즈</b>를 맞이하게 되었습니다. 이번 <b>한국시리즈</b>... 상대로 <b>한국시리즈</b> 우승에 도전을 하게 됩니다. 삼성과 기아는 명실상부 한국 프로야구의 최고의... ,blog.naver.com/ody301,https://blog.naver.com/ody301/223627133723,20241021,아르의 알콩달콩
<b>한국시리즈</b> 예매 티켓... KIA 타이거즈 <b>한국시리즈</b> 중계,"이번 2024 <b>한국시리즈</b>는 전통의 88시리즈라고 볼 수 있습니다. 기아는 해태 타이거즈의 이름으로 삼성과 세 차례 격독을 했습니다. 1986년, 1987년 1993년에 이어 31년만에 두 팀이 만나게 되었습니다. 지금까지... ",blog.naver.com/mazic123,https://blog.naver.com/mazic123/223625387872,20241020,추억만들기
포스트시즌 <b>한국시리즈</b> 예매... 코리안시리즈 삼성 기아... ,"그럼 이번 포스팅에서는 2024 KBO 포스트시즌 예매 일정, <b>한국시리즈</b> 티켓팅 등 코리안시리즈에 대해서 상세하게 알아보는 시간을 가져보도록 하겠습니다. 2024 <b>한국시리즈</b> 예매 2024 kbo 포스트시즌... ",blog.naver.com/hoo2524,https://blog.naver.com/hoo2524/223625753401,20241020,Bang’s story
기아 삼성 <b>한국시리즈</b> 중계... KIA 타이거즈 코리안시리즈,기아 삼성 <b>한국시리즈</b> 중계 일정 상대전적 티켓팅 우승 무료 방송채널 1차전 2차전 3차전 4차전 5차전 우천취소 2024년10월21일 삼성 라이온즈 KIA 타이거즈 코리안시리즈 기아 삼성 <b>한국시리즈</b> 중계 일정 상대전적... ,blog.naver.com/dydghks3250,https://blog.naver.com/dydghks3250/223627032363,20241021,❤️ ✅kGn뉴스 ✅❤️
"LG : 삼성, 플레이오프4차전 결과: <b>한국시리즈</b> 삼성진출!!",<b>한국시리즈</b>는 삼성: 기아가 되겠네요 부럽다!!! 내년에는 LG가 <b>한국시리즈</b>를 갈 수 있겠죠? 오늘의 경기를 정리해 보겠습니다. 이번 삼성과 LG의 경기는 극적인 투수전으로 시작되었습니다. 삼성은 오른손... ,blog.naver.com/hwwa,https://blog.naver.com/hwwa/223625275237,20241019,오늘은 또 무엇을 배워볼까?
"2024 KBO <b>한국시리즈</b> 예매 경기 일정, 중계, 선수 엔트리 명단... ",ㅋㅋㅋㅋㅋㅋㅋㅋㅋㅋㅋㅋㅋㅋㅋㅋㅋ #2024<b>한국시리즈</b> #KBO포스트시즌 #<b>한국시리즈</b>일정 #<b>한국시리즈</b>예매 #<b>한국시리즈</b>중계 #코시엔트리 #코시중계 #코시일정 #코리안시리즈 #2024코리안시리즈 #가을야구,blog.naver.com/alpano,https://blog.naver.com/alpano/223627241436,20241021,하루하루 뒹굴
삼성의 <b>한국시리즈</b> 경제학... 분석 (미국 월드시리즈와 비교),"월드시리즈와의 비교: 글로벌과 지역의 차이 결론: 한국 최고의 스포츠 이벤트, <b>한국시리즈</b> <b>한국시리즈</b> 예매 정보와 입장권 수익 2024 <b>한국시리즈</b> 예매 정보 2024년 <b>한국시리즈</b> 입장권은 인터파크 티켓... ",blog.naver.com/moonlife_kr,https://blog.naver.com/moonlife_kr/223625757617,20241020,달빛여정의 경제 이야기
삼성 기아 <b>한국시리즈</b> 중계방송 2024년 10월 21일 1차전 광주... ,"특히 김도영은 자신의 첫 <b>한국시리즈</b>에서 이종범과 같은 활약을 꿈꾸고 있으며, 구자욱은 2015년 이후 두 번째 <b>한국시리즈</b>에서 개인 최상의 성적을 노리고 있습니다. 두 선수의 대결이 이번 시리즈의 관전... ",blog.naver.com/olengelight,https://blog.naver.com/olengelight/223627466464,20241021,:: 밀감색 조명 ♥ 희나 ::
KBO <b>한국시리즈</b> 기아 V12 불패 신화 도전 <b>한국시리즈</b> 경기... ,네일에 맞서는 원태인은 LG와의 플레이오프 2차전에서 6⅔이닝 동안 7피안타 2볼넷 3탈삼진 1실점 호투로 2연승을 이끌며 시리즈의 흐름을 가져오면서 <b>한국시리즈</b>에서 1선발의 중책을 맞았습니다. 2024 KBO... ,blog.naver.com/borry78,https://blog.naver.com/borry78/223626724481,20241021,수수의 소소한 이야기
2024 <b>한국시리즈</b> 중계 방송 TV 채널 온에어 삼성 기아 라디오... ,"올 시즌 기아는 한국프로야구 43년 동안 시즌 최다 실책을 기록할 정도로 부실한 수비력을 보이고 있는데요, <b>한국 시리즈</b>에서는 극복해야 할 문제라고 생각합니다. 가을 야구에 대한 경험 부족 또한... ",blog.naver.com/dydxodi333,https://blog.naver.com/dydxodi333/223627047768,20241021,당신의 리즈시절은
<b>한국시리즈</b> 예매 티켓팅 취소표 2024 삼성 라이온즈 기아... ,"<b>한국시리즈</b> 중계 방송 안내 이번 <b>한국시리즈</b>는 KBS, SBS, MBC 등 지상파 채널과 티빙(TVING)을 통해 실시간 중계로 시청할 수 있습니다. 특히, 이번 시리즈는 CGV 극장에서도 중계되며, 큰 스크린과 웅장한... ",blog.naver.com/tigger9157,https://blog.naver.com/tigger9157/223626227741,20241020,행동가 울쓰의 성장일기
2024 KBO리그 <b>한국시리즈</b>... 코리안시리즈 대진은... ,삼성이 시리즈를 먼저 끝내면서 <b>한국시리즈</b>는 10/21에 시작해서 10/29에 끝나는 일정으로 완전히 확정되었습니다 2024 KBO리그 포스트시즌 <b>한국시리즈</b> 티켓 가격 기아타이거즈 챔피언스필드 기아타이거즈의... ,blog.naver.com/dhkang2184,https://blog.naver.com/dhkang2184/223625316892,20241019,포돌스키의 KKBO
한국야구의 명가들이 맞붙은 2025 <b>한국시리즈</b>. 전통의 명문... ,야구 전통의 명문 KIA와 삼성의 <b>한국시리즈</b>다. 한국 프로야구 태동시기부터 초반기 우승을 휩쓸었던... 2024시즌은 미국이나 한국이나 전통의 명문이 격돌하는 로얄 시리즈다. 대단한 팀들이 격돌하는 만큼 명품... ,blog.naver.com/cedar,https://blog.naver.com/cedar/223627380522,20241021,남선생의 야구이야기
<b>한국시리즈</b> 예매 티켓팅 일정 취소표 중계,<b>한국시리즈</b> 예매 티켓팅 일정 취소표 중계에 대해 알려드리겠습니다. 약 31년 만에 기아타이거즈와... <b>한국시리즈</b> 예매 일단 중요한 건 인터파크가 KBO 포스트시즌 입장권의 유일한 예약처라는 사실이에요.... ,blog.naver.com/aesthetic4632,https://blog.naver.com/aesthetic4632/223626479102,20241020,시리의 날날
"삼성, LG와 포스트시즌 역사 새로 썼다…31년 만에 <b>한국시리즈</b>... ",이로써 삼성은 2015년 이후 9년 만에 <b>한국시리즈</b>에 진출했습니다. 지난 17일에는 플레이오프... 5전 3승제인 플레이오프를 3승 1패로 통과한 정규리그 2위 삼성은 오는 21일부터 <b>한국시리즈</b>로 직행한 1위 KIA... ,blog.naver.com/exercisenews,https://blog.naver.com/exercisenews/223626121343,20241020,올빼미 기자의 스포츠 돋보기
2024 <b>한국시리즈</b> 예매 일정 티켓팅 취소표 중계방송 정보,"삼성 라이온즈가 9년 만에 <b>한국 시리즈</b>에 진출하면서, 많은 팬들의 기대를 모으고 있습니다. 이번 <b>한국 시리즈</b>는 정규 시즌 1위 기아 타이거즈와의 맞대결로, 1993년 이후 31년 만에 다시 만나게... ",blog.naver.com/binizone01,https://blog.naver.com/binizone01/223627257836,20241021,비니저장소
삼성 라이온즈 <b>한국시리즈</b> 진출,"2015년 차포 떼고 나선 <b>한국시리즈</b>에서 대패한 이후 낯설기만 했던 암흑기를 보낼 때만 해도 앞이 안 보였는데, 9년만에 <b>한국시리즈</b>에 진출해 왕좌를 다시 가릴 줄이야. 올해는 리빌딩만 잘 해도 성공한... ",blog.naver.com/frankie88,https://blog.naver.com/frankie88/223626850302,20241021,프랭키의 외딴방
프로야구 KBO <b>한국시리즈</b> 티켓팅 방법 후기,프로야구 KBO <b>한국시리즈</b> 티켓팅 방법 후기 야린이는 삼성을 응원하고있어서 (승철이가 응원한) 삼성을 엄마가 왕조시절부터 팬이어서 꼭 티켓팅 성공을해서 가고싶었다... 삼성이 <b>한국시리즈</b>... ,blog.naver.com/gidoga2,https://blog.naver.com/gidoga2/223626632047,20241020,베리's N잡생활
"241019 플레이오프 4차전 직관, 삼성 라이온즈 <b>한국시리즈</b> 진출 !",멋진 슬로건 ! <b>한국시리즈</b>에서 뵙겠습니다 ! MVP 축하합니다  레예스 인터뷰를 배경으로 외야팬들에게 다가가는 레오 노래 원없이 부르고 돌아갑니다 ~ <b>한국 시리즈</b>에서 만나요 ~ [끝],blog.naver.com/9til4,https://blog.naver.com/9til4/223626414238,20241020,heart
2024 <b>한국시리즈</b> 진출!!!!!,"ㅎㅎㅎ 이 얼마 만의 <b>한국시리즈</b>란 말인가!! 가자, 광주로!! 대구에 놓고 간 타격감도 꼬옥 챙겨가자! 올해 기아전 생각하면 어질어질하다 ㅠㅠ 최소 1승은 해야 한다!!!! 화이팅!! + 이번 시리즈 최고... ",blog.naver.com/supulim211,https://blog.naver.com/supulim211/223625368150,20241019,소나기숲
<b>한국시리즈</b> 1차전 중계 KIA... 1차전 MBC 라이브 KS 코리아시리즈,한국야구 역사에 또 하나의 멋진 순간이 추가되기를 기대합니다. 양팀 선발 투수 상황 KIA는 부상에서... 코리아시리즈 #<b>한국시리즈</b>1차전중계 #KIA네일선발 #삼성원태인선발 #KIA타이거즈 #삼성라이온즈... ,blog.naver.com/olengelight,https://blog.naver.com/olengelight/223627509986,20241021,:: 밀감색 조명 ♥ 희나 ::
2024 KBO 포스트시즌 <b>한국시리즈</b> 예매 일정 중계 방송 채널... ,2024 <b>한국시리즈</b> 기아 타이거즈 vs 삼성 라이온즈 중계 방송 채널 이번 <b>한국시리즈</b> 티켓도 예매경쟁이 만만치가 않은데요! 티켓을 구하지 못하셔서 집에서 관람 하시는 분들이 더 많으시기에 한국... ,blog.naver.com/borry78,https://blog.naver.com/borry78/223625945565,20241020,수수의 소소한 이야기
타이거즈 원태인 네일 선발 불펜 전력 2024 <b>한국시리즈</b> 일정,"2024 <b>한국시리즈</b> 일정 2024년 10월 21일, 한국 프로야구 팬들이 기다리던 삼성 라이온즈와 KIA 타이거즈의... 정규 시즌 동안 홈런 185개를 기록하며 장타력을 앞세운 공격력을 보여준 삼성은, 이번 시리즈에서도... ",blog.naver.com/tigger9157,https://blog.naver.com/tigger9157/223627389531,20241021,행동가 울쓰의 성장일기
2024 <b>한국시리즈</b> 좌석별 티켓가격 및 예약 (경기일정  기아... ,<b>한국시리즈</b>가 2024년 10월21일 1차전을 시작됩니다. 기아 타이거즈 홈구장 광주기아챔피언스필드... 2024시즌 <b>한국시리즈</b> 좌석별 티켓가격(기아 타이거즈 대 삼성 라이온즈 ) 배치도 광주... ,blog.naver.com/self11st,https://blog.naver.com/self11st/223626138933,20241020,"셀프 인테리어 11번가 [셀프 집수리,DIY,리모델링]"
삼성라이온즈  2024년 <b>한국시리즈</b> 진출~데뷔첫 <b>한국시리즈</b>... ,3승 1패로 LG를 이기고 <b>한국시리즈</b> 진출 9년만에~ 1대 0 승리 결승홈런 강민호 포수 데뷔 첫 <b>한국시리즈</b> 진출 7이닝 무실점 레예스 투수 #삼성라이온즈 #삼성라이온즈_<b>한국시리즈</b>진출 #강민호_<b>한국시리즈</b>... ,blog.naver.com/ampm8344,https://blog.naver.com/ampm8344/223625307590,20241019,미스터알트의 포토샵리뷰일상이야기
삼성라이온즈 <b>한국시리즈</b> 진출,최강삼성 화이팅 10월 19일 플레이오프 4차전으로 삼성라이온즈 <b>한국시리즈</b> 진출!! 돌아온 구자욱... 작고 소중한 김지찬ㅋㅋㅋㅋㅋㅋㅋ 구자욱 눈물 그렁그렁 나도 눈물 흐어어엉 <b>한국시리즈</b>에 구자욱이... ,blog.naver.com/forever099,https://blog.naver.com/forever099/223626726366,20241020,궁금해 가끔
"2024 <b>한국시리즈</b> 예매 링크 및... 티켓 예매팁,코리안시리즈",삼성과 lg의 포스트시즌 경기가 삼성의 승리로 끝나면서 이제 <b>한국시리즈</b>만을 남겨두고 있습니다. 코리안시리즈는 리그 1위 기아와 2위 삼성의 경기로 이루어지고 경기 일정은 다음과 같습니다 돌아오는... ,blog.naver.com/lifelectronics,https://blog.naver.com/lifelectronics/223625348339,20241019,전자과 대학원생
강민호의 홈런 한방으로 삼성이 <b>한국시리즈</b>에 진출합니다!,"(작년 통합우승에 기여한 이호준은 대체...) 이렇게 삼성이 시리즈 전적 3승 1패로 2015년 이후 9년만에 <b>한국시리즈</b>에 진출, 오는 21일(월)에 광주에서 <b>한국시리즈</b> 1차전이 시작됩니다. 지방팀들간의... ",blog.naver.com/28686,https://blog.naver.com/28686/223625276438,20241019,내친구 타마마
"삼성, LG 꺾고 광주로…KIA와 31년 만에 <b>한국시리즈</b>",코리안<b>시리즈</b>에 진출. 기아와 붙게 된다고 흐흐 딸아이가 보내 온 카톡으로 일 알게 되고.. 아~~ 그렇게... 깊은 맴인걸 알아야 하느니라.. 여하튼 축하 할 일이다. 파이팅! 즐거운 코리안<b>시리즈</b>를 보여주길 바란다.,blog.naver.com/hmsign,https://blog.naver.com/hmsign/223625356884,20241019,휴먼광고 나의 놀이터
코리안<b>시리즈</b> 예매 프로야구 일정 총정리,코리안시리즈 예매 <b>한국시리즈</b>예매 같은말이죠^^ 프로야구 코리안시리즈 예매 일정입니다. 티켓예매는 20일(일)과 21일(월) 양일간 진행이 됩니다. 10월20일(일) 코리안시리즈 예매 일정 1차전 오후2시... ,blog.naver.com/chyuns2001,https://blog.naver.com/chyuns2001/223625382689,20241019,낭만골퍼
"오타니 VS 저지, 월드<b>시리즈</b> 세기의 빅매치 성사되나…양키스... ",월드시리즈서 맞붙는다? 꿈의 매치업이 현실로 다가오고 있다. 저지의 뉴욕 양키스가 20일(이하 한국... 다저스가 <b>한국시리즈</b>에서 만날 경우 그 자체로 최고의 흥행 매치업이 될 전망이다. 근래 월드시리즈... ,blog.naver.com/8jms40,https://blog.naver.com/8jms40/223626440438,20241020,지식재산권의생로병사 정무수석 변리사
2024 <b>한국시리즈</b> 기아 타이거즈 원정 경기 홈 응원전 예매... ,2024 <b>한국시리즈</b> 기아 타이거즈 원정 경기 홈 응원전 예매 일정 방법 안녕하세요~ 여러분! 드디어 기다리고 기다리던 <b>한국시리즈</b>가 시작합니다. 이번 <b>한국시리즈</b> 경기는 10월 21일(월)부터 7차전 4선승제로... ,blog.naver.com/borry78,https://blog.naver.com/borry78/223626768549,20241021,수수의 소소한 이야기
영화 베놈 라스트댄스 정보 <b>시리즈</b> 피날레 쿠키영상에 나온... ,이는 북미보다 2일 빠르며 전 세계 최초 개봉하는 나라 중 하나가 <b>한국</b>이 되었습니다. <b>시리즈</b> 3부작의 감독이 모두 다른 &lt;베놈&gt; <b>시리즈</b> 먼저 소니와 마블의 영화 &lt;베놈&gt; <b>시리즈</b>는 모두 연출을 맡은 감독분들이... ,blog.naver.com/ews1016,https://blog.naver.com/ews1016/223625330291,20241019,처뤼의 아로새기다
■ Bricasti Design M1 <b>시리즈</b> II 사용기,■ Bricasti Design M1 <b>시리즈</b> II 사용기 브라카스티 M1 <b>시리즈</b> 2는 M1 <b>시리즈</b>가 언제나 그랬듯 듀얼 모노... 브리카스티 M1 SEREIS2 뒷면 <b>한국</b>에서 열리는 오디오쇼에 방문하면 Bricasti Design 기기는 체스 오디오... ,blog.naver.com/tae_dove,https://blog.naver.com/tae_dove/223626202822,20241020,옥산로자매아빠
"[이벤트] 뉴욕 양키스 - LA 다저스, 월드<b>시리즈</b> 우승팀을 맞혀라","뉴욕 양키스는 클리블랜드를 5경기만에 4승 1패로 물리치고 월드<b>시리즈</b>에 선착했고, LA 다저스는 뉴욕 메츠에 4승 2패로 승리하며 월드<b>시리즈</b> 진출을 확정지었습니다. 두 팀은 <b>한국</b>시간 기준 10월 26일(토)부터... ",blog.naver.com/chinadrum,https://blog.naver.com/chinadrum/223627298076,20241021,chinadrum의 MLB 이야기
"롤스로이스, `컬리넌 <b>시리즈</b>Ⅱ` 국내 출시'5억7,700만원... ","<b>한국</b>수입자동차협회(KAIDA)에 따르면 지난해 국내 시장에서 컬리넌은 총 144대 판매되며 브랜드 판매 1위를 기록했다. 롤스로이스 컬리넌 <b>시리즈</b> Ⅱ와 블랙 배지 컬리넌 <b>시리즈</b> Ⅱ의 제원은 전장 5355㎜, 전폭... ",blog.naver.com/nasimo,https://blog.naver.com/nasimo/223623589811,20241020,재율아빠(김대섭)
정보 결말 반전 범인 관람평 후기 출연진 손익분기점 <b>시리즈</b>,"13개봉) 등급 : 15세관람가 장르 : 액션/범죄 국가 : <b>한국</b> 러닝타임 : 118분 손익분기점: 관객수 약350만명... 패턴인 &lt;범죄도시&gt; <b>시리즈</b>가 선녀로 보임) 첫 시퀀스부터 눈을 의심케 하는 유치함에, 망작 영화에서... ",blog.naver.com/mangowith,https://blog.naver.com/mangowith/223627199739,20241021,체스키안개
"2024프로야구 <b>한국시리즈</b> 코리안시리즈 포스트시즌 5,6... ","어제에 이어 오늘도 코리안<b>시리즈</b> 예매가 이어집니다 5,6,7차전 기아와 삼성 경기가 이루어지고, 5,6... 이제 마지막 포스트시즌의 코리안<b>시리즈</b>, 결승만을 남겨두고 있는데 과연 누가 승리하게 될까요?",blog.naver.com/lifelectronics,https://blog.naver.com/lifelectronics/223626882709,20241021,전자과 대학원생
"뮤지컬 알라딘 티켓팅, 성수 나들이, 넷플릭스 드라마 <b>시리즈</b>... ","알라딘 <b>한국</b> 초연, 그것도 샤라딘으로 볼 수 있다니 행복스.. 오랜만에 성수 나들이 예전 회사... <b>시리즈</b> 1,2,3 나왔는데 며칠 안 걸려서 다본.. 넘 재미져.. 최고야.. 특히, 책 읽으며 했던 상상과 책 속 그림이... ",blog.naver.com/r_newjean,https://blog.naver.com/r_newjean/223626754890,20241021,뉴진쯔 ◡̈
&quot;양키스 나와!&quot; 다저스가 4년만에 월드 <b>시리즈</b>에 갑니다.,"월드<b>시리즈</b>에 진출합니다. 결국 전문가들과 팬들 모두의 예측대로 이번 월드<b>시리즈</b>는 MLB 역사와... WS 1차전은 <b>한국</b>시간으로 닷새후인 26일(토)에 개막합니다. 1, 2, 6, 7차전은 다저 스타디움, 3~5차전은... ",blog.naver.com/28686,https://blog.naver.com/28686/223627365957,20241021,내친구 타마마
"OPEN) 나의 첫 인문고전 <b>시리즈</b> 전 8권 (열 살, 만나다 <b>시리즈</b>)","나의 첫 인문고전 <b>시리즈</b> (1-8권) 열 살, 채근담을 만나다 열 살, 논어를 만나다 열 살, 목민심서를 만나다... 인문고전 <b>시리즈</b> 전 8권&gt; 정가 108,400원 → 공구가 75,880원 구매는 아래링크에서 가능합니다. (쿠폰적용... ",blog.naver.com/csb153,https://blog.naver.com/csb153/223627069981,20241021,"Hi,Hello,coming spring."
2024 <b>한국시리즈</b> 기아타이거즈 응원머플러 배포,2024 <b>한국시리즈</b> 기아타이거즈 응원머플러 배포 안녕하세요~ 여러분! 2024 KBO <b>한국시리즈</b> 응원을 위해서 기아타이거즈에서 응원머플러를 배포합니다. 배포경기 : <b>한국시리즈</b> 모든 경기 (1~7차전) 배포시간... ,blog.naver.com/borry78,https://blog.naver.com/borry78/223626802431,20241021,수수의 소소한 이야기
중계 플레이오프 4차전 경기 KBO 포스트시즌 <b>한국시리즈</b> 일정,만약 플레이오프 시리즈가 5차전까지 가게 되면 <b>한국시리즈</b>의 일정도 불가피하게 변경이 될 것 같습니다. 플레이오프는 5전 3선승제로 시리즈가 진행이 됩니다. 현재 시리즈 전적 2-1로 삼성이 앞서고... ,blog.naver.com/ody301,https://blog.naver.com/ody301/223624889974,20241019,아르의 알콩달콩
삼성 KIA 티켓 예매 2024 <b>한국시리즈</b> 티켓팅 KBO 포스트시즌... ,KIA는 과거 삼성과의 <b>한국시리즈</b> 맞대결에서 모두 승리하며 우승을 차지한 바 있습니다. 이번 시리즈에서도 두 팀 모두 강력한 타선을 자랑하며 타격전이 될 가능성이 큽니다. KIA는 정규 시즌에서 팀... ,blog.naver.com/olengelight,https://blog.naver.com/olengelight/223627101733,20241021,:: 밀감색 조명 ♥ 희나 ::
<b>한국시리즈</b> 예매 티켓팅 일정 조회 및 예약 바로가기,<b>한국시리즈</b> 입장권 예매 및 KBO 포스트시즌 야구 경기 중계 야구 팬들이 고대하던 2024 KBO 한귝시리즈... 6. <b>한국시리즈</b>를 고대하며 한국씨리쯔는 KBO 리그의 최종 우승팀을 가리기 위한 중요한 경기입니다. 긴... ,blog.naver.com/dpf9800,https://blog.naver.com/dpf9800/223623759649,20241018,✅함께 사는 세상✅
삼성 기아 <b>한국시리즈</b> 중계 2024년 10월 21일 1차전 경기일정... ,삼성 기아 <b>한국시리즈</b> 중계 2024년 10월 21일 1차전 경기일정 삼성 라이온즈 KIA 타이거즈 전력 분석... 최초) 한국 구기종목 프로스포츠에서 1980년대 출생 한국인 감독이 우승입니다. 2000년대에 선수로... ,blog.naver.com/miha1023,https://blog.naver.com/miha1023/223627399502,20241021,♥고슴도치 새댁♥
"‘이종범의 야구 아들’ 김도영, 31년 전 <b>한국시리즈</b> 바람의... ",어쩌면 한국 야구는 제2의 선동열을 넘어선 제1의 ○○○ 탄생을 갈망하고 있는지 몰라요. 김도영은 KIA의 주전 3루수다. 정규리그에서는 실책이 좀 많았던 게 옥에 티로 지적됐다. <b>한국시리즈</b>에서... ,blog.naver.com/hardstuff,https://blog.naver.com/hardstuff/223626994571,20241021,漢文에 감춰진 野球의 言語
<b>한국시리즈</b> 예매일정 확정!! 2024 포스트시즌 <b>한국시리즈</b> 일정... ,"드디어 <b>한국시리즈</b> 상대와 일정이 확정되었습니다. <b>한국시리즈</b> 예매 꿀팁과 주의사항, 인터파크 예매 티켓 가격 등 필요한 내용을 정리해 드리겠습니다. 삼성과 기아의 31년 만의 만남, 수도권 팀이 없다?... ",blog.naver.com/xogud401,https://blog.naver.com/xogud401/223625660247,20241020,블로거 스틱스
"21년 차에 첫 <b>한국시리즈</b>, 강민호(플레이오프가 최고)의 ‘꿈’",동안에도 한국시리 무대에 서지 못했다. 이제 그라운드에서 뛸 시간이 많지 않은데 이번 기회를 놓치고 싶지 않다”고 <b>한국시리즈</b> 출전 의지를 다졌습니다. 선수 개인으로서 강민호를 이룰 것은 다... ,blog.naver.com/hardstuff,https://blog.naver.com/hardstuff/223622128690,20241017,漢文에 감춰진 野球의 言語
<b>한국시리즈</b> 우승상금,<b>한국시리즈</b> 우승하면 상금 있어? 코시 우승한 팀이 입장료 수익 절반 이상은 가져갈걸? 상금도 따로... <b>한국시리즈</b>는 9월 말~11초 열리는 KBO 리그의 결승전입니다. <b>한국시리즈</b>의 약칭으로 팬들 사이에서는... ,blog.naver.com/mnbz15,https://blog.naver.com/mnbz15/223622123448,20241017,관세사엄마의 재테크공부
"2024 KBO 야구 <b>한국시리즈</b> KIA vs 삼성 예매 일정, 경기일정... ",KBO <b>한국시리즈</b> 광주 기아챔피언스필드 야구장 가격 오픈이.. 아직.. 최저 약 3만원 선부터 테이블석은 1인당 10만원은 잡아야... 그래도 매번 빛의 속도로 매진인 걸 보면 한국 분들 차암... ,blog.naver.com/talangyee,https://blog.naver.com/talangyee/223625982787,20241020,"맥시멀리스트지만 미니멀리스트 라서,"
<b>한국시리즈</b> 예매 티켓 티켓팅 2024 포스트시즌 일정 시간... ,2024 <b>한국시리즈</b>는 이보다 더욱 큰 인기를 얻을 것 같습니다. 무엇보다 한국야구의 챔피언을 결정하는 시리즈인 만큼 해당 팀 팬들 뿐만 아니라 한국야구를 좋아하는 모든 팬들의 관심이 쏠릴 수밖에 없는... ,blog.naver.com/jh061158,https://blog.naver.com/jh061158/223622618094,20241017,콩콩 식구들
<b>한국시리즈</b> 예매 티켓 일정 티켓팅 시간 2024 가을야구... ,프로야구 <b>한국시리즈</b>는 역대급으로 인기가 있는 시리즈가 될 것 같습니다. 현재 가을야구가 진행중에... 2024 <b>한국시리즈</b> 티켓예매 티켓팅 바로가기 플레이오프 일정이 끝이 나면 드디어 한국야구의 진정한... ,blog.naver.com/ody301,https://blog.naver.com/ody301/223625090902,20241019,아르의 알콩달콩
2023년 <b>한국시리즈</b> 2차전 잠실구장 - 외야 그린 지정석... ,사진은 찍었지만 ㅋㅋㅋㅋㅋ 후기를 적지 않았던 2023년 <b>한국시리즈</b> 후기를 이번 주말이 가기 전엔... ㅋㅋㅋ 내 생의 첫 <b>한국시리즈</b> 직관이라 나름 생생하게 기억하기 위해 일기는 쓰고 잤다는 혹시라도... ,blog.naver.com/leaf28,https://blog.naver.com/leaf28/223624660775,20241019,시계는똑딱똑딱
KBO 리그 포스트시즌 프로야구 <b>한국시리즈</b> 일정 티켓 예매... ,거두며 시리즈 전적 3승 1패로 승리를 확정 지었습니다. 선발 투수 데니 레예스는 7이닝 동안 단... 프로야구일정 #프로야구예매 #야구랜선응원 #<b>한국시리즈</b>중계 #한국프로야구중계 #포스트시즌중계,blog.naver.com/qhadldhaus98,https://blog.naver.com/qhadldhaus98/223625767760,20241020,♬ 보미의 골프 라이프
<b>한국시리즈</b> 중계 시청 방법 일정 예매 포스트시즌 우승팀,"플레이오프 끝나고 이제 <b>한국시리즈</b>가 시작됩니다. 요즘 뉴스를 보면 한국야구 관객이 1천만명 관객을 넘었다고 해서 정말 많은 사람들이 야구를 본다고 생각합니다. 누적 관객수이겠지만요, 대한민국... ",blog.naver.com/leconte_j,https://blog.naver.com/leconte_j/223627131894,20241021,블로그디자인 르콩트제이
<b>한국시리즈</b> 중계 1차전 시간 2024년 10월 21일 삼성 라이온즈... ,<b>한국시리즈</b> 중계 1차전 시간 2024년 10월 21일 삼성 라이온즈 기아 타이거즈 포스트시즌 일정 예매 시구 경기장 2024 <b>한국시리즈</b> 1차전이 2024년 10월 21일 오후 6시 30분에 광주 기아 챔피언스 필드에서... ,blog.naver.com/simeetsh,https://blog.naver.com/simeetsh/223627107218,20241021,쏠배감팽의 투자 성장 이야기
2024 <b>한국시리즈</b> 일정 코시 예매일정 라이온즈파크,"코리아시리즈 진출~!!! 이제 많이 궁금해하실 #<b>한국시리즈</b>일정 및 #코시예매일정 알려드릴게요 #코시일정 <b>한국시리즈</b>는 7차전 4선승제로 정규 시즌 우승의 핸디캡으로 1, 2차전, 5, 6, 7차전은... ",blog.naver.com/echo78,https://blog.naver.com/echo78/223625366917,20241019,★ 괜찮아's 블링블링 하우스 ★
"<b>한국시리즈</b>] 삼성 라이온즈, KIA 타이거즈 <b>한국시리즈</b>... ",삼성 라이온즈와 KIA 타이거즈의 2024 <b>한국시리즈</b>를 하루 앞둔 오늘 <b>한국시리즈</b> 미디어데이와 함께 <b>한국시리즈</b>에 출전할 선수 명단이 발표가 되었습니다. 2024 <b>한국시리즈</b> 삼성 라이온즈 KIA 타이거즈 출전선수... ,blog.naver.com/synabro68,https://blog.naver.com/synabro68/223626526434,20241020,"또 다른 세상, 또 다른 나"
2024 KBO리그 <b>한국시리즈</b> 드디어 시작 삼성 vs 기아 1차전... ,안녕하세요 포돌스키입니다:) 드디어 내일부터 2024 KBO리그 포스트시즌의 마지막 시리즈인 <b>한국시리즈</b>가 시작됩니다 경기를 앞두고 펼쳐진 미디어 데이에서 1차전 선발 투수가 발표되었습니다 시리즈에서... ,blog.naver.com/dhkang2184,https://blog.naver.com/dhkang2184/223626513372,20241020,포돌스키의 KKBO
2024 <b>한국시리즈</b> 일정 예매 KBO리그 플레이오프 삼성 기아... ,"대한민국 야구팬들을 열광시키는 코리안 시리즈! <b>한국시리즈</b>가 다가왔습니다, 일정부터 티켓팅 예매 정보까지 가져왔어요. 삼성 라이온즈는 9년 만에 프로야구 <b>한국시리즈</b>에 진출했죠. 삼성 팬들이... ",blog.naver.com/spicyfashion,https://blog.naver.com/spicyfashion/223625991261,20241020,SPICYFASHION
<b>한국시리즈</b> 예매 티켓팅 2024 kbo 포스트시즌 야구 중계,<b>한국시리즈</b> 예매 티켓팅 2024 kbo 포스트시즌 야구 중계 드디어 야구 팬들이 기다리던 2024 KBO <b>한국시리즈</b>가 다가왔습니다. 이번 포스트시즌의 피날레를 장식할 <b>한국시리즈</b> 티켓 예매 방법과 경기 일정을... ,blog.naver.com/tigger9157,https://blog.naver.com/tigger9157/223621126585,20241016,행동가 울쓰의 성장일기
<b>한국시리즈</b> 우승은 누구?,삼성과 LG 가 <b>한국시리즈</b> 진출은 위해 열심히 싸우고 있다! 삼성이 현재 2승으로 우세하지만 야구는 알... 늘 그랬듯 <b>한국시리즈</b>는 피 말립니다 모든 전력을 다 투입해서 볼 하나하나에 집중하니 분위기 한번... ,blog.naver.com/moondy4517,https://blog.naver.com/moondy4517/223622851986,20241017,바다로 가는 세상
<b>한국시리즈</b> 예매 기아 타이거즈 삼성 라이온즈 티켓팅 일정... ,<b>한국시리즈</b> 예매 기아 타이거즈 삼성 라이온즈 티켓팅 일정 KBO 포스트시즌 상대전적 2024 KBO 리그 포스트시즌이 막바지에 다다르며 <b>한국시리즈</b> 예매에 대한 팬들의 관심이 뜨겁습니다. 기아 타이거즈가... ,blog.naver.com/tigger9157,https://blog.naver.com/tigger9157/223624093928,20241018,행동가 울쓰의 성장일기
"2024 프로야구 <b>한국시리즈</b> 예매언제, 포스트시즌 정보",초등학교때 <b>한국시리즈</b>에서 LG트윈스 경기가 지면서 우승을 못하게 되자 대성통곡을 하고 울었다는... 2024 프로야구 <b>한국시리즈</b> 일정 남은 포스트시즌 일정은 어떻게? 10/14일 대구에서 열리기로 했던... ,blog.naver.com/miwako1212,https://blog.naver.com/miwako1212/223621844941,20241017,트래블랑 여행맛집 랑슐랭 ★
"2024 <b>한국시리즈</b> 일정, 티켓 예매(예매성공 팁), 취소환불 총정리",야구 팬들이라면 1년 내내 기다려온 2024 <b>한국시리즈</b>가 오늘부터 시작됩니다! 이번 시리즈는 KIA 타이거즈와 삼성 라이온즈가 맞붙는 정말 흥미진진한 대결이 될 텐데요. 이 경기를 놓치지 않고 현장에서... ,blog.naver.com/gee_blog,https://blog.naver.com/gee_blog/223627265596,20241021,먹고놀고 운동하고 야구보는 지블 ˙ ͜ʟ˙
2024 <b>한국시리즈</b> 예매 일정 및 중계일정 삼성 vs 기아,"이번 시리즈는 광주와 대구에서만 열리며, 서울에서 경기가 없는 점이 특이합니다. 이제부터 <b>한국시리즈</b> 예매 일정, 중계 정보, 경기 일정 등을 상세히 알아보겠습니다. <b>한국시리즈</b> 예매 티켓팅 하러가기... ",blog.naver.com/haji0127,https://blog.naver.com/haji0127/223625806890,20241020,사진찍는아빠
KBO <b>한국시리즈</b> 티켓예매 매진 취소표 구매팁 삼성 라이온즈... ,광주 기아 챔피언스 필드 대구 삼성 라이온즈 파크 티켓 가격 좌석 배치도 KBO <b>한국시리즈</b> 티켓예매 매진 취소표 구매팁 삼성 라이온즈 KIA 타이거즈 야구장 입장권 2017년 <b>한국시리즈</b>의 이후 7년 만에... ,blog.naver.com/miha1023,https://blog.naver.com/miha1023/223627044271,20241021,♥고슴도치 새댁♥
[기아타이거즈 V12 기원] 갸뽕 차오른다! <b>한국시리즈</b> 영상 정리,2024년 <b>한국시리즈</b> 기아타이거즈 V12을 기원하며 7년 만에 맞이한 <b>한국시리즈</b> 가을 야구를 이렇게 볼 수 있는데 감사하고 광주-기아챔피언스필드 개장 10주년을 맞이한 올해 올해는 꼭 챔필에서 <b>한국시리즈</b>... ,blog.naver.com/zaigenia_,https://blog.naver.com/zaigenia_/223624568589,20241018,기록소년.Do Dream
<b>한국시리즈</b> 예매 티켓팅 일정 시간 2024 포스트시즌 중계,<b>한국시리즈</b>의 우승 상금은 5천만원이며 시리즈 MVP는 1천만원의 상금을 받습니다. 무엇보다 포스트시즌 배당금이 큽니다. <b>한국시리즈</b> 티켓 예매에 대해 안내드리니 오늘 펼쳐지는 플레이오프를 본 후... ,blog.naver.com/mazic123,https://blog.naver.com/mazic123/223622354627,20241017,추억만들기
2024 KBO <b>한국시리즈</b> 일정 및 예매 일정 KIA 타이거즈 VS... ,"기다리던 <b>한국시리즈</b>가 시작됩니다! 포스트시즌은 타팀 경기여도 다 챙겨보는 편이긴 한데... 그것도 <b>한국시리즈</b>라니 너무너무 설레이네요~~~ 지난 포스트시즌을 돌아보면, 와일드카드전은 KT가... ",blog.naver.com/cherrylove22,https://blog.naver.com/cherrylove22/223625602424,20241019,기록하는 여행가 니나
"2024 KBO <b>한국시리즈</b> 예매 경기 일정, 기아(KIA) 삼성 상대... ","기아 삼성, <b>한국시리즈</b> 정리 삼성 라이온즈가 LG 트윈스를 3승1패로 누르고 플레이오프 승자가 되며 <b>한국시리즈</b>에 진출했어요. 삼성은 19일 잠실구장에서 열린 LG 트윈스와의 플레이오프 4차전에서... ",blog.naver.com/diacpqpqp,https://blog.naver.com/diacpqpqp/223625617009,20241019,가쉽걸
플레이오프 2연승 삼성…KIA와 31년 만의 <b>한국시리즈</b> 눈앞,삼성이 LG와의 플레이오프에서 2연승하며 <b>한국시리즈</b> 진출에 1승만을 남겨놓았기 때문인데요. 두 팀의 마지막 <b>한국시리즈</b>는 1993년. 한 세대가 지났을 법한 세월 동안 호랑이와 사자는... ,blog.naver.com/hardstuff,https://blog.naver.com/hardstuff/223620673566,20241016,漢文에 감춰진 野球의 言語
"플레이오프 5차전(최원태 vs 원태인)이면, <b>한국시리즈</b>... ","https://blog.naver.com/hardstuff/223588210107 꼭 올해가 아니더라도, 계단식 포스트시즌 제도인 까닭에 한국 프로야구에서는 상위팀이 절대 유리한 위치를 점할 수밖에 없습니다. <b>한국시리즈</b>는 더... ",blog.naver.com/hardstuff,https://blog.naver.com/hardstuff/223625193647,20241019,漢文에 감춰진 野球의 言語
기아 삼성 예매 방법 중계 방법  KBO 2024 <b>한국시리즈</b> 예매... ,"양 팀은 5차전에서 시리즈를 끝내겠다는 각오를 다지고 있으며, 치열한 승부가 예상됩니다. <b>한국시리즈</b> 경기일정 1차전 10월 21일(월) 2차전 10월 22일(화) 3차전 10월 24일(목) 4차전 10월 25일(금)... ",blog.naver.com/ichbong,https://blog.naver.com/ichbong/223626766029,20241021,아름다운 날들을 위하여
"2024 프로야구 <b>한국시리즈</b>(삼성 vs 기아) 예매, 경기 일정... ",대부분이 LG의 <b>한국시리즈</b> 진출을 점쳤는데 모두의 예상을 깨고 삼성이 플레이오프에서 LG 트윈스를 3:1으로 꺾고 기아와 <b>한국시리즈</b>에서 맞붙게 됐다. 오예~ 소리질러~~~~ 3차전에서 1:0으로... ,blog.naver.com/ymyoon1,https://blog.naver.com/ymyoon1/223625695910,20241020,윤짱의 해피엔딩
원태인 <b>한국시리즈</b> 1차전... 중계진 KS 코리아 시리즈 승부예측,최초) 한국 구기종목 프로스포츠에서 1980년대 출생 한국인 감독이 우승입니다. 2000년대에 선수로... 중계진 KS 코리아 시리즈 승부예측 #포스트시즌 #<b>한국시리즈</b> #기아타이거즈 #<b>한국시리즈</b>티켓예매 #KBO리그,blog.naver.com/miha1023,https://blog.naver.com/miha1023/223627409746,20241021,♥고슴도치 새댁♥
2024 KBO <b>한국시리즈</b> 예매 일정 확정! 티켓팅 꿀팁과 경기... ,"삼성의 승리로 인해 <b>한국시리즈</b> 일정은 계획대로 진행되며, 예매 일정도 확정되었습니다. 이번 시리즈는 기아 타이거즈와 삼성 라이온즈의 치열한 맞대결이 될 전망이며, 그만큼 예매 경쟁도 치열할 것으로... ",blog.naver.com/z2inny,https://blog.naver.com/z2inny/223625982618,20241020,데슐랭가이드
2024 KBO <b>한국시리즈</b> KS 예매 일정 날짜 시간 티켓팅... ,2024 KBO 플레이오프에서 삼성 라이온즈가 엘지트윈스를 3:1로 승리하면서 <b>한국시리즈</b>에 올라갔습니다. <b>한국시리즈</b>는 기아타이거즈와 삼성라이온즈가 붙게되었습니다. <b>한국시리즈</b> 일정 1차전... ,blog.naver.com/jeju8,https://blog.naver.com/jeju8/223625537804,20241019,경제적자유 뼈있는나무
2024 KBO 포스트시즌 <b>한국시리즈</b> 입장권 예매 안내 인터파크... ,2024 신한 SOL뱅크 KBO <b>한국시리즈</b> 입장권 예매 안내 삼성라이온즈가 플레이오프에서 엘지트윈스를 3승 1패로 이기고 <b>한국시리즈</b> 진출에 성공 했습니다. 이제 정규시즌 우승팀 기아타이거즈를... ,blog.naver.com/cgnara,https://blog.naver.com/cgnara/223625848926,20241020,아이러브스포츠
"(달빛동맹)’ 기아 vs 삼성 31년 만의, 네 번째 <b>한국시리즈</b>","타이거즈와 라이온즈가 31년 만에 <b>한국시리즈</b>에서 만났어요. 앞선 세 차례 대결에서는 모두... 깊어가는 가을, 전통의 라이벌이자 역사의 라이벌인 타이거즈와 라이온즈는 <b>한국시리즈</b>에서 어떤... ",blog.naver.com/hardstuff,https://blog.naver.com/hardstuff/223625294358,20241019,漢文에 감춰진 野球의 言語
[야구] 삼성 라이온즈 <b>한국시리즈</b> 진출!,"플레이오프 시리즈 스코어 3:1로 삼성 라이온즈가 2024 KBO 프로야구 <b>한국시리즈</b>에 진출했습니다. 기뻐하는 삼성 라이온즈 팬들의 모습이에요. 플레이오프 3차전 경기는 뚝이파파가 보질 못 했는데, 1:0으로... ",blog.naver.com/ambidext,https://blog.naver.com/ambidext/223625282815,20241019,뚝이파파의 블로그
"특허청, KBO <b>한국시리즈</b> 기간 위조상품 근절 위한 특별 단속 실시",특허청 상표특별사법경찰(상표경찰)은 ‘2024 KBO <b>한국시리즈</b>’ 기간 동안(10월 21일~29일) 경기장... 서울시리즈(2024년 3월 20일~21일)’ 한국 개최에 따른 상표권 보호 요청을 받고 온·오프라인에서 위조상품... ,blog.naver.com/highwaypat,https://blog.naver.com/highwaypat/223627183877,20241021,특허와 상표와 디자인 이야기
<b>한국시리즈</b> 예매 일정 입장권 2024 KBO 프로야구,PO를 3승 1패로 통과한 삼성 라이온즈는 2015년 이래 9년 만에 <b>한국시리즈</b>에 올랐다. 삼성과 KIA(전신 해태 포함)가 <b>한국시리즈</b>에서 맞붙는 건 1993년 이래 무려 31년 만이다. KBO는 10월 21일부터 개최되는... ,blog.naver.com/rgw1019,https://blog.naver.com/rgw1019/223625704519,20241020,낭만야구 블로그
2024 KBO <b>한국시리즈</b> 가을 야구 결승 삼성 기아 경기 일정... ,KBO <b>한국시리즈</b>가 드디어 다가왔어요! 오늘 두시부터 가을 야구 티켓팅이 열리더라구요 오늘은 기아 삼성 경기 일정부터 티켓팅 예매 정보까지 정리해보았어요 우선 KBO <b>한국시리즈</b> 1차전부터... ,blog.naver.com/ththtktk,https://blog.naver.com/ththtktk/223626099186,20241020,life goes on
닮은꼴 양김(兩金) 김도영-김영웅의 첫 <b>한국시리즈</b>…1차전은... ,김영웅이 <b>한국시리즈</b>에서 격돌합니다. 둘은 긴 설명이 필요 없는 소속팀의 주축. 이번 시리즈... 과거 한국 정치의 거목이었던 김영삼-김대중-김종필 세 분을 빗댄 표현이겠지요. 김범석의 LG는... ,blog.naver.com/hardstuff,https://blog.naver.com/hardstuff/223625849107,20241020,漢文에 감춰진 野球의 言語
V12를 향해! 김대중컨벤션센터에서 <b>한국시리즈</b> 응원하자!,<b>한국시리즈</b> 광장응원전 21일부터 시작하는 <b>한국시리즈</b>!⚾ 티켓팅은 잘하셨나요? 너무 치열해 정말 힘들었죠..? 많은분들이 오매나처럼 광탈했을 것 같은데요 우리같은 사람들을 위해 김대중컨벤션센터... ,blog.naver.com/gwangju_city,https://blog.naver.com/gwangju_city/223627602890,20241021,광주문화관광 공식블로그
2024<b>한국시리즈</b> 삼성 기아 우승 기원 야구 영화 추천 9편,"2024 <b>한국시리즈</b>가 하네용 삼성 라이온즈 vs 기아 타이거즈 사자 vs 호랑이 31년만의 빅매치 세기의... 기아 타이거즈를 조금이나마 응원하는데 2017년에 <b>한국시리즈</b> 우승하고, 그 이후론 없어서 2024년도 기원해... ",blog.naver.com/wbtm33,https://blog.naver.com/wbtm33/223627563554,20241021,비디오뱅크의 시네필
기아 삼성 <b>한국시리즈</b>에서 웃을 팀은?(+1차전의 중요성),"돌고 돌아 31년 만에 <b>한국시리즈</b>에서 만났습니다. 주인공은 기아 타이거즈와 삼성 라이온즈인데요. 두 팀은 2024 프로야구 정규 시즌에서 나란히 1, 2위를 차지했으며 <b>한국시리즈</b>에서도 만나게 되었습니다. 2024... ",blog.naver.com/qkdrk2235,https://blog.naver.com/qkdrk2235/223627293233,20241021,공놀이는 즐거워
2024 <b>한국시리즈</b> 티켓팅,뜻- <b>한국시리즈</b> 1~4차전 티켓이 오픈되는 날이라 휴대폰 알람을 설정하고 꾸벅꾸벅 졸리는 졸음을... 포기했다 처참하게 실패한 코시 티켓팅 #2024<b>한국시리즈</b> #<b>한국시리즈</b>티켓팅 #코시티켓팅 #인터파크티켓망해라,blog.naver.com/ggokgil_,https://blog.naver.com/ggokgil_/223627138508,20241021,"사람 넷, 커다란 비숑하나"
<b>한국시리즈</b> 1차전 중계 10월 21일 야구 무료 생중계 기아... ,승리자가 시리즈의 흐름을 좌우할 가능성이 큽니다. 기아 삼성 야구 중계 바로가기 KIA 타이거즈: 통합 우승을 향한 도전 올 시즌 정규 리그 1위로 곧바로 <b>한국시리즈</b>에 진출한 KIA는 2017년 이후 7년 만의... ,blog.naver.com/miha1023,https://blog.naver.com/miha1023/223627419872,20241021,♥고슴도치 새댁♥
2024 <b>한국시리즈</b> 경기 일정 KS 코리안시리즈 엔트리 기아... ,2024년 10월 21일 월요일 드디어 기다리고 기다리든 2024 <b>한국시리즈</b> 코리안시리즈 기아 타이거즈와 삼성 라이온즈의 경기가 열립니다. 기아 타이거즈는 정규시즌 1위의 기록을 달성하고 포스트시즌을... ,blog.naver.com/gostraight74,https://blog.naver.com/gostraight74/223627084504,20241021,건강파수꾼
2024 <b>한국시리즈</b> 티켓팅 완벽 공략! 티켓팅 시간은?,"가을 야구의 꽃, 2024 KBO <b>한국시리즈</b>가 드디어 시작됩니다! 올해는 특히 기아 타이거즈와 삼성 라이온즈가 맞붙는 역사적인 시리즈가 될 예정인데요.  많은 팬들이 이 경기를 기다리고 있죠! 이번 글에서는... ",blog.naver.com/ts520388,https://blog.naver.com/ts520388/223627376951,20241021,땅스부대찌개
레예스 엔스 선발 불펜 전력 <b>한국시리즈</b> 진출 KBO 포스트시즌,"만약 LG가 승리하여 시리즈가 5차전까지 이어진다면, <b>한국 시리즈</b> 일정은 10월 23일로 연기됩니다. 티켓 예매는 경기 결과에 따라 진행되며, 인터파크 티켓을 통해 구매할 수 있습니다. 삼성이 이번 4차전에서... ",blog.naver.com/tigger9157,https://blog.naver.com/tigger9157/223624950652,20241019,행동가 울쓰의 성장일기
"‘도니살’ 김도영, <b>한국시리즈</b>에서 ‘대선배’ 장효조... ",<b>한국시리즈</b>에서는 마음껏 도루를 해도 좋다는 감독의 허락이 떨어진 것이에요. 올 시즌 김도영은 자제하고 또 자제하면서도 도루 40개를 기록했어요. 역대 단일 <b>한국시리즈</b> 최다 도루 기록은 1984년... ,blog.naver.com/hardstuff,https://blog.naver.com/hardstuff/223622692740,20241017,漢文에 감춰진 野球의 言語
<b>한국시리즈</b> 티켓팅 예매 일정... 2024 <b>한국시리즈</b> 중계 방송... ,"KIA는 87승 55패 2무, 삼성은 78승 64패 2무로 정규시즌을 마쳤고 기아가 <b>한국시리즈</b>에 직행했다면 삼성은 LG와의 힘겨운 플레이오프 시리즈를 통해 3승 1패로 올라왔습니다. KIA는 <b>한국시리즈</b> 최다 우승... ",blog.naver.com/jh061158,https://blog.naver.com/jh061158/223625927180,20241020,콩콩 식구들
삼성라이온즈 <b>한국시리즈</b> 진출 KIA와 대결 일정 선수명단,"2024 한국 프로야구의 최종 승자를 가리는 <b>한국시리즈</b>에 삼성라이온즈가 진출하여 KIA와 맞대결하게 되었습니다. 이번 대결은 역대 우승 횟수 1, 2위의 KIA(11회)와 삼성(8회)이 만나게 되었습니다. KBO리그를... ",blog.naver.com/yihy131,https://blog.naver.com/yihy131/223627045642,20241021,테동인의 TENNIS BLOG
2024 KBO <b>한국시리즈</b> 예매 일정 및 성공 꿀팁! 티켓팅 필독... ,"이번 <b>한국시리즈</b>에서 우승하는 팀에게는 5천만 원의 상금이 주어지며, 시리즈 MVP에게는 1천만 원의 상금이 수여됩니다. 뿐만 아니라 포스트시즌 배당금은 전체 관중 수입에서 경비를 제외한 금액을 각... ",blog.naver.com/z2inny,https://blog.naver.com/z2inny/223619450589,20241015,데슐랭가이드
